City_ID,City,Lat,Lng,Max Temp,Humidity,Cloudiness,Wind Speed,Country,Date
0,puerto natales,-51.7236,-72.4875,47.48,82,78,13.8,CL,1730176691
1,port-aux-francais,-49.35,70.2167,36.79,82,96,20.0,TF,1730176519
2,keflavik,64.0049,-22.5624,41.43,87,75,24.16,IS,1730176694
3,margaret river,-33.95,115.0667,73.09,57,15,15.26,AU,1730176695
4,weno,7.4515,151.8468,89.55,70,40,9.22,FM,1730176696
5,adamstown,-25.066,-130.1015,69.75,75,13,5.84,PN,1730176697
6,talnakh,69.4865,88.3972,16.77,95,95,7.2,RU,1730176699
7,albany,42.6001,-73.9662,34.63,69,24,2.64,US,1730176700
8,selkirk,50.1436,-96.8845,47.17,71,42,3.0,CA,1730176701
9,tolanaro,-25.0319,46.9987,77.07,88,40,16.11,MG,1730176702
10,ambalangoda,6.2355,80.0538,84.97,78,96,9.66,LK,1730176703
11,hithadhoo,-0.6,73.0833,82.02,76,100,10.31,MV,1730176511
12,bredasdorp,-34.5322,20.0403,60.28,87,3,4.52,ZA,1730176705
13,dudinka,69.4058,86.1778,14.9,97,88,6.24,RU,1730176707
14,yellowknife,62.456,-114.3525,25.32,80,100,14.97,CA,1730176708
15,ilulissat,69.2167,-51.1,10.42,48,20,5.75,GL,1730176709
16,udachny,66.4167,112.4,-3.55,97,91,4.72,RU,1730176710
17,bom jardim,-7.7958,-35.5872,70.16,81,53,5.82,BR,1730176711
18,santiago de cao,-7.9589,-79.2392,60.93,88,53,6.91,PE,1730176712
19,utrik,11.2278,169.8474,83.93,76,34,10.85,MH,1730176714
20,afaahiti,-17.75,-149.2833,73.8,71,92,17.38,PF,1730176715
21,sassnitz,54.5167,13.65,53.76,97,100,13.06,DE,1730176716
22,olonkinbyen,70.9221,-8.7187,24.84,88,100,16.87,SJ,1730176717
23,severo-yeniseyskiy,60.3725,93.0408,29.35,92,100,2.55,RU,1730176718
24,grytviken,-54.2811,-36.5092,31.48,96,98,4.34,GS,1730176719
25,nar'yan-mar,67.6713,53.087,33.84,89,100,15.1,RU,1730176720
26,waitangi,-43.9535,-176.5597,57.81,86,42,4.0,NZ,1730176722
27,edinburgh of the seven seas,-37.0676,-12.3116,55.47,71,0,18.12,SH,1730176723
28,praia da vitoria,38.7333,-27.0667,64.65,88,40,5.97,PT,1730176724
29,happy valley-goose bay,53.3168,-60.3315,30.51,69,75,8.05,CA,1730176725
30,longyearbyen,78.2186,15.6401,30.04,93,75,4.61,SJ,1730176726
31,bethel,41.3712,-73.414,47.01,81,54,2.84,US,1730176727
32,necochea,-38.5473,-58.7368,56.68,74,2,4.07,AR,1730176664
33,salinas,36.6777,-121.6555,56.5,91,0,12.66,US,1730176664
34,renfrew,55.872,-4.3925,54.52,91,75,10.36,GB,1730176731
35,papatowai,-46.5619,169.4708,52.65,57,45,12.53,NZ,1730176732
36,port-cartier,50.0334,-66.8654,28.33,63,1,5.82,CA,1730176488
37,college,64.8569,-147.8028,21.18,86,100,3.44,US,1730176734
38,daru,-9.0763,143.2092,84.18,75,100,15.41,PG,1730176735
39,edson,53.5835,-116.4356,32.14,93,100,5.75,CA,1730176737
40,galle,6.0367,80.217,84.92,84,96,1.99,LK,1730176573
41,punta arenas,-53.15,-70.9167,42.91,87,40,10.36,CL,1730176652
42,moab,38.5733,-109.5498,65.61,39,100,3.0,US,1730176178
43,ciudad lazaro cardenas,17.9583,-102.2,77.77,85,0,3.71,MX,1730176741
44,bestobe,52.4994,73.0975,34.95,72,99,15.05,KZ,1730176742
45,mana,5.6592,-53.7767,77.77,81,100,8.61,GF,1730176743
46,kentville,45.0835,-64.4988,35.91,66,6,3.44,CA,1730176531
47,san antonio de pale,-1.4014,5.6325,77.7,83,100,12.24,GQ,1730176746
48,juneau,58.3019,-134.4197,37.4,95,100,11.5,US,1730176747
49,saint-pierre,-21.3393,55.4781,80.28,69,0,14.97,RE,1730176748
50,bardai,11.65,7.2333,68.85,26,4,8.39,NG,1730176542
51,crane,31.3974,-102.3501,70.77,39,0,27.56,US,1730176750
52,qamdo,31.1667,97.2333,52.43,24,65,7.25,CN,1730176751
53,pula,44.8683,13.8481,55.96,100,9,1.14,HR,1730176753
54,vila velha,-20.3297,-40.2925,69.94,96,75,10.0,BR,1730176754
55,brisas de zicatela,15.8369,-97.0419,78.08,81,94,4.52,MX,1730176755
56,chonchi,-42.6128,-73.8092,48.11,97,64,2.77,CL,1730176756
57,lewistown,40.5992,-77.5714,53.01,58,0,3.44,US,1730176748
58,inirida,3.8653,-67.9239,74.39,97,99,2.15,CO,1730176482
59,polyarnyy,69.1989,33.4478,35.78,68,20,26.84,RU,1730176759
60,bilibino,68.0546,166.4372,-8.03,96,86,3.67,RU,1730176633
61,fukuecho,32.6881,128.8419,71.96,73,75,5.75,JP,1730176762
62,elliot lake,46.3834,-82.6331,44.04,91,81,9.84,CA,1730176732
63,international falls,48.6011,-93.411,46.04,89,0,0.0,US,1730176764
64,fougamou,-1.2154,10.5838,72.97,99,96,1.28,GA,1730176765
65,hermanus,-34.4187,19.2345,61.81,84,33,6.64,ZA,1730176766
66,basco,20.4487,121.9702,81.19,87,100,37.87,PH,1730176558
67,invercargill,-46.4,168.35,53.02,64,23,13.0,NZ,1730176770
68,taltal,-25.4,-70.4833,60.08,84,34,0.98,CL,1730176771
69,kloulklubed,7.0419,134.2556,82.02,77,100,15.7,PW,1730176772
70,leticia,-4.2153,-69.9406,75.25,100,40,2.3,CO,1730176773
71,wailua homesteads,22.0669,-159.378,75.13,90,100,14.79,US,1730176774
72,ribeira grande,38.5167,-28.7,64.78,70,47,4.0,PT,1730176776
73,aripuana,-9.1667,-60.6333,73.45,88,93,2.13,BR,1730176777
74,atafu village,-8.5421,-172.5159,83.05,71,96,5.01,TK,1730176778
75,lihue,21.9789,-159.3672,75.74,90,100,15.3,US,1730176779
76,virac,13.6333,124.2167,75.38,81,100,15.52,PH,1730176780
77,badger,64.8,-147.5333,21.45,87,100,3.44,US,1730176781
78,kumru,40.8744,37.2639,47.61,56,6,3.98,TR,1730176782
79,le morne-rouge,14.7667,-61.1333,72.97,81,53,6.11,MQ,1730176785
80,lindi,-10.0,39.7167,83.07,74,49,5.17,TZ,1730176786
81,ushuaia,-54.8,-68.3,42.46,65,0,1.14,AR,1730176604
82,tiksi,71.6872,128.8694,-7.58,100,96,3.76,RU,1730176788
83,cooper's town,26.8667,-77.5167,76.44,74,100,19.3,BS,1730176790
84,blackmans bay,-43.0167,147.3167,69.53,48,17,1.99,AU,1730176792
85,hobyo,5.3505,48.5268,79.65,76,99,4.59,SO,1730176793
86,coquimbo,-29.9533,-71.3436,58.73,86,100,3.44,CL,1730176655
87,fisterra,42.9049,-9.2629,59.29,79,36,17.07,ES,1730176795
88,ust-nera,64.5667,143.2,-1.35,97,79,2.35,RU,1730176796
89,wanning,18.8003,110.3967,77.63,90,99,12.8,CN,1730176797
90,puerto aysen,-45.4,-72.7,49.53,99,97,4.09,CL,1730176591
91,tazovsky,67.4667,78.7,18.09,99,98,0.83,RU,1730176800
92,lemvig,56.5486,8.3102,52.47,95,97,4.5,DK,1730176801
93,moia,41.8101,2.0958,56.07,95,74,6.46,ES,1730176802
94,coari,-4.085,-63.1414,76.01,61,78,3.85,BR,1730176803
95,west island,-12.1568,96.8225,84.18,74,75,11.5,CC,1730176804
96,smara,26.7384,-11.6719,59.97,76,0,6.96,EH,1730176806
97,komatsushimacho,34.0,134.5833,67.96,68,75,6.91,JP,1730176807
98,kudat,6.8837,116.8477,86.29,79,20,5.01,MY,1730176808
99,jamestown,42.097,-79.2353,47.84,78,0,5.75,US,1730176809
100,palmerston north,-40.35,175.6167,64.98,58,95,1.99,NZ,1730176810
101,georgetown,5.4112,100.3354,81.95,89,40,5.01,MY,1730176812
102,chimoio,-19.1164,33.4833,76.86,69,75,5.86,MZ,1730176813
103,emerald,-23.5333,148.1667,91.4,16,0,13.69,AU,1730176814
104,iqaluit,63.7506,-68.5145,20.93,92,75,6.91,CA,1730176815
105,satu mare,47.8,22.8833,35.55,100,4,1.14,RO,1730176816
106,tangalle,6.024,80.7911,88.07,61,81,11.56,LK,1730176817
107,kodiak,57.79,-152.4072,44.11,100,100,8.05,US,1730176819
108,moyynkum,44.2914,72.9469,45.46,52,100,4.23,KZ,1730176820
109,la gi,10.6667,107.7833,82.98,77,78,8.97,VN,1730176821
110,trail,49.0998,-117.7022,39.69,81,97,2.15,CA,1730176822
111,puerto ayora,-0.7393,-90.3518,67.57,84,57,9.22,EC,1730176823
112,ornskoldsvik,63.2909,18.7153,32.95,80,40,11.5,SE,1730176824
113,mount isa,-20.7333,139.5,100.17,19,40,5.75,AU,1730176827
114,kourou,5.1552,-52.6478,75.18,87,100,4.34,GF,1730176828
115,cadale,2.7603,46.3222,78.87,77,32,6.44,SO,1730176829
116,colonia,50.9333,6.95,54.95,91,20,8.05,DE,1730176830
117,arno,60.1167,18.6333,35.98,76,61,4.18,SE,1730176831
118,vrangel',42.7297,133.0839,51.35,61,55,5.17,RU,1730176832
119,isafjordur,66.0755,-23.124,35.04,90,100,9.22,IS,1730176834
120,hasaki,35.7333,140.8333,64.44,78,100,17.31,JP,1730176835
121,letlhakane,-21.4167,25.5833,66.22,15,75,13.02,BW,1730176836
122,lebu,-37.6167,-73.65,50.25,95,40,11.52,CL,1730176837
123,avarua,-21.2078,-159.775,75.25,73,75,11.5,CK,1730176838
124,pacific grove,36.6177,-121.9166,56.08,90,0,14.0,US,1730176554
125,brandon,27.9378,-82.2859,72.05,90,0,7.0,US,1730176697
126,iskateley,67.6803,53.1512,33.8,89,100,15.01,RU,1730176843
127,lompoc,34.6391,-120.4579,57.09,83,100,16.11,US,1730176844
128,paraisopolis,-22.5542,-45.78,68.04,98,99,1.21,BR,1730176845
129,ceeldheer,3.8488,47.1806,79.7,72,49,5.77,SO,1730176846
130,cascais,38.6979,-9.4215,65.55,75,8,5.99,PT,1730176604
131,jhawarian,32.3614,72.6228,85.35,34,6,7.2,PK,1730176849
132,laguna,38.421,-121.4238,57.96,69,0,4.61,US,1730176850
133,hadibu,12.65,54.0333,80.13,64,6,4.9,YE,1730176851
134,nikolayevsk-on-amure,53.1406,140.73,34.5,69,79,8.88,RU,1730176852
135,allen,41.0706,-85.0144,59.18,66,75,8.05,US,1730176807
136,susuman,62.7833,148.1667,6.22,91,100,3.18,RU,1730176856
137,sulak,43.2734,47.5146,50.41,55,99,6.44,RU,1730176857
138,amursk,50.2261,136.8994,39.85,58,5,10.22,RU,1730176858
139,jackson,42.4165,-122.8345,45.72,92,20,4.0,US,1730176848
140,guatrache,-37.6678,-63.5302,63.93,28,2,4.09,AR,1730176860
141,niafunke,15.9322,-3.9906,81.81,20,22,4.88,ML,1730176861
142,ishigaki,24.3448,124.1572,77.13,94,75,17.27,JP,1730176862
143,novyy urengoy,66.0833,76.6333,25.99,98,99,4.92,RU,1730176864
144,devils lake,48.1128,-98.8651,43.95,79,0,4.61,US,1730176831
145,timbuktu,16.7735,-3.0074,83.17,17,53,9.78,ML,1730176866
146,nanma,36.1817,118.1583,65.34,42,0,6.55,CN,1730176867
147,rouissat,31.9243,5.3502,69.87,43,0,4.61,DZ,1730176868
148,new norfolk,-42.7826,147.0587,70.72,51,58,7.38,AU,1730176869
149,tinajo,29.0788,-13.7081,65.28,72,12,8.05,ES,1730176871
150,alamosa,37.4695,-105.87,46.38,34,0,11.5,US,1730176872
151,aykhal,66.0,111.5,-0.17,98,96,5.17,RU,1730176631
152,lata,40.1629,-8.3327,50.41,87,0,5.28,PT,1730176874
153,saipan,15.1355,145.701,90.3,74,40,11.5,MP,1730176875
154,miles city,46.4083,-105.8406,49.17,61,100,12.66,US,1730176876
155,cinisi,38.1562,13.1073,65.41,82,40,4.61,IT,1730176879
156,nuuk,64.1835,-51.7216,27.21,74,100,3.44,GL,1730176808
157,bel ombre,-4.6167,55.4167,84.04,65,20,3.44,SC,1730176881
158,saudarkrokur,65.7461,-19.6394,35.71,98,100,8.75,IS,1730176882
159,melekeok village,7.4957,134.6367,86.56,79,100,8.05,PW,1730176883
160,withernsea,53.7311,0.0335,55.31,93,100,7.4,GB,1730176884
161,aioun,16.6614,-9.6149,81.19,25,53,9.01,MR,1730176886
162,comodoro rivadavia,-45.8667,-67.5,60.66,44,0,31.07,AR,1730176847
163,manta,-0.95,-80.7333,71.38,83,75,8.05,EC,1730176889
164,nemuro,43.3236,145.575,50.38,52,4,9.1,JP,1730176890
165,san juan bautista,-14.0108,-75.7358,65.53,67,9,2.57,PE,1730176891
166,paracuru,-3.41,-39.0306,78.71,77,8,15.1,BR,1730176893
167,naze,28.3667,129.4833,76.12,85,85,6.2,JP,1730176894
168,inhambane,-23.865,35.3833,76.98,78,75,0.0,MZ,1730176895
169,harstad,68.799,16.5293,33.15,64,100,21.18,NO,1730176896
170,lospalos,-8.5186,127.0025,86.47,53,100,12.57,TL,1730176897
171,hamilton,39.1834,-84.5333,63.97,76,40,12.66,US,1730176676
172,santa cruz del sur,20.7147,-77.9956,77.23,84,97,13.82,CU,1730176900
173,pandan,14.0453,124.1694,83.03,76,100,19.93,PH,1730176901
174,hpa-an,16.8906,97.6333,89.98,65,28,2.28,MM,1730176902
175,targovishte,43.2592,26.5892,51.4,66,35,1.61,BG,1730176903
176,cam pha mines,21.0167,107.3,74.5,66,100,4.16,VN,1730176904
177,itamaraca,-7.7478,-34.8256,76.53,77,52,12.82,BR,1730176905
178,holualoa,19.6228,-155.9522,74.82,93,91,3.71,US,1730176907
179,vorgashor,67.5833,63.95,27.36,96,100,10.96,RU,1730176908
180,gisborne,-38.6533,178.0042,62.83,60,86,13.13,NZ,1730176909
181,papao,-17.75,-149.55,80.28,72,34,19.44,PF,1730176910
182,mombetsu,44.3525,143.3525,51.82,62,75,6.91,JP,1730176911
183,swakopmund,-22.6833,14.5333,53.98,85,1,3.0,NA,1730176912
184,korhogo,9.45,-5.6333,72.34,91,97,3.8,CI,1730176914
185,harper,4.375,-7.7169,76.17,91,89,5.19,LR,1730176915
186,alotau,-10.3069,150.4462,80.06,88,100,4.79,PG,1730176916
187,fort st. john,56.2499,-120.8529,21.09,93,75,4.61,CA,1730176917
188,qaqortoq,60.7167,-46.0333,30.72,97,100,5.39,GL,1730176918
189,panjakent,39.4952,67.6093,50.41,60,31,0.94,TJ,1730176919
190,arraial do cabo,-22.9661,-42.0278,70.93,86,100,11.59,BR,1730176920
191,qalat,32.1058,66.9083,61.12,31,5,9.08,AF,1730176922
192,kyaikkami,16.08,97.5675,83.41,78,29,3.98,MM,1730176923
193,castillos,-34.1667,-53.8333,54.64,85,0,4.43,UY,1730176924
194,labytnangi,66.6572,66.4183,19.92,92,65,5.39,RU,1730176925
195,namibe,-15.1961,12.1522,64.04,83,4,1.25,AO,1730176926
196,itaituba,-4.2761,-55.9836,76.62,46,81,0.72,BR,1730176927
197,queenstown,-31.8976,26.8753,54.88,63,16,10.38,ZA,1730176929
198,malkerns,-26.5667,31.1833,67.41,36,30,3.13,SZ,1730176930
199,port alfred,-33.5906,26.891,59.18,96,73,7.0,ZA,1730176931
200,mehtar lam,34.6714,70.2094,71.91,46,1,2.13,AF,1730176932
201,santa cruz,-17.8,-63.1667,76.46,78,20,3.44,BO,1730176933
202,karbala,32.616,44.0249,68.4,27,0,6.71,IQ,1730176934
203,whitehorse,60.7161,-135.0538,20.17,85,75,18.41,CA,1730176880
204,palmer,42.1584,-72.3287,40.93,83,100,0.0,US,1730176937
205,maceio,-9.6658,-35.7353,74.64,88,40,2.3,BR,1730176862
206,beitbridge,-22.2167,30.0,80.24,52,90,5.95,ZW,1730176939
207,rio verde de mato grosso,-18.9181,-54.8442,75.09,83,88,3.8,BR,1730176940
208,milton-freewater,45.9326,-118.3877,49.35,71,100,10.36,US,1730176941
209,narva,59.3772,28.1903,41.79,72,31,8.41,EE,1730176943
210,fale old settlement,-9.3852,-171.2468,83.12,73,50,7.65,TK,1730176944
211,argo,37.6333,22.7333,60.85,33,18,5.1,GR,1730176945
212,rio gallegos,-51.6226,-69.2181,48.25,71,0,11.5,AR,1730176946
213,egilsstadir,65.2653,-14.3948,42.71,70,75,4.61,IS,1730176947
214,serenje,-13.2325,30.2352,70.86,63,90,2.59,ZM,1730176948
215,port lincoln,-34.7333,135.8667,63.9,58,0,8.86,AU,1730176949
216,ulladulla,-35.35,150.4667,65.16,60,10,9.55,AU,1730176951
217,carnarvon,-24.8667,113.6333,79.81,56,0,16.2,AU,1730176952
218,port mathurin,-19.6833,63.4167,74.17,76,36,9.62,MU,1730176953
219,edd,13.9297,41.6925,89.44,48,100,11.81,ER,1730176954
220,thompson,55.7435,-97.8558,35.76,87,100,11.5,CA,1730176955
221,estrela,-28.0611,-50.9383,55.09,98,2,2.04,BR,1730176956
222,luderitz,-26.6481,15.1594,60.04,71,0,11.65,NA,1730176957
223,bandar lampung,-5.4254,105.258,91.29,50,27,9.53,ID,1730176959
224,wagrowiec,52.8084,17.1996,54.3,96,100,6.26,PL,1730176960
225,amga,60.8953,131.9608,12.7,83,68,3.31,RU,1730176962
226,dalnegorsk,44.5604,135.5701,51.1,38,30,2.71,RU,1730176963
227,la passe,45.5549,-0.8967,55.27,91,9,6.24,FR,1730176964
228,rawatsar,29.2833,74.3833,90.48,26,0,9.15,IN,1730176966
229,klyuchi,52.2667,79.1667,34.03,90,100,20.54,RU,1730176967
230,kununurra,-15.7667,128.7333,103.98,25,20,16.11,AU,1730176968
231,santa ana,33.7456,-117.8678,63.28,79,75,8.01,US,1730176969
232,petropavlovsk-kamchatsky,53.0452,158.6483,36.19,44,75,33.55,RU,1730176970
233,ambodivoara,-14.3397,49.9826,84.36,53,13,4.74,MG,1730176971
234,hawaiian paradise park,19.5933,-154.9731,76.51,95,40,3.44,US,1730176972
235,tura,25.5198,90.2201,82.71,66,22,4.72,IN,1730176974
236,ta`u,-14.2336,-169.5144,80.24,80,21,19.17,AS,1730176975
237,figuig (centre),32.1089,-1.2286,58.41,38,0,7.94,MA,1730176976
238,bialobrzegi,51.6469,20.9504,52.57,97,100,5.19,PL,1730176977
239,puerto ayacucho,5.6639,-67.6236,76.69,93,100,2.95,VE,1730176978
240,whangarei,-35.7317,174.3239,64.24,60,70,9.19,NZ,1730176979
241,mahdia,35.5047,11.0622,71.67,85,82,11.03,TN,1730176981
242,kuanda,56.3161,116.0806,28.08,84,99,1.45,RU,1730176982
243,conception bay south,47.4999,-52.9981,36.91,87,43,6.69,CA,1730176983
244,makinsk,52.6292,70.4169,32.47,88,82,9.69,KZ,1730176984
245,taulaga,-11.0553,-171.0883,82.62,77,18,16.17,AS,1730176985
246,pirapora,-17.345,-44.9419,70.5,92,100,1.83,BR,1730176971
247,huarmey,-10.0681,-78.1522,64.2,87,100,8.88,PE,1730176757
248,tarnogskiy gorodok,60.4997,43.5761,39.13,96,100,6.67,RU,1730176989
249,colchani,-20.3,-66.9333,49.91,19,3,7.72,BO,1730176990
250,loikaw,19.6742,97.2094,82.56,65,0,1.61,MM,1730176991
251,banda aceh,5.5577,95.3222,86.25,65,96,16.96,ID,1730176992
252,wajir,1.7471,40.0573,78.49,69,100,13.56,KE,1730176993
253,port-gentil,-0.7193,8.7815,78.15,86,100,9.04,GA,1730176995
254,cootamundra,-34.65,148.0333,81.66,21,3,11.43,AU,1730176996
255,sona,45.4388,10.8255,51.85,100,3,4.61,IT,1730176997
256,amantea,39.1332,16.0746,57.15,58,14,5.1,IT,1730176998
257,swan hill,-35.3378,143.5544,81.81,18,7,12.24,AU,1730176999
258,tsengel,49.4783,100.8894,38.23,58,100,3.09,MN,1730177000
259,vilyuchinsk,52.9306,158.4028,37.67,80,100,13.89,RU,1730177001
260,santana,-0.0583,-51.1817,80.78,78,0,8.05,BR,1730177004
261,obukhiv,50.11,30.6227,43.41,83,96,6.38,UA,1730177005
262,pariaman,-0.619,100.12,87.85,65,52,7.27,ID,1730177008
263,koungheul,13.9833,-14.8,77.95,34,13,6.78,SN,1730177009
264,nouadhibou,20.931,-17.0347,67.98,77,8,20.71,MR,1730177010
265,kenora,49.8167,-94.4337,49.17,81,20,6.91,CA,1730176826
266,ribeira brava,32.65,-17.0667,67.01,80,8,3.96,PT,1730177012
267,kapuskasing,49.4169,-82.4331,39.29,87,100,16.11,CA,1730176781
268,prineville,44.2999,-120.8345,41.7,78,75,1.01,US,1730177015
269,port elizabeth,-33.918,25.5701,62.31,99,100,17.27,ZA,1730177016
270,coyhaique,-45.5752,-72.0662,46.0,97,89,5.55,CL,1730177017
271,grand falls-windsor,48.9332,-55.6649,28.51,90,35,4.92,CA,1730177018
272,shitanjing,39.2342,106.3439,54.81,38,38,9.46,CN,1730177019
273,agat village,13.3886,144.6585,88.36,85,75,10.36,GU,1730177020
274,floro,61.5996,5.0328,40.96,87,96,11.5,NO,1730177021
275,broome,42.2506,-75.833,44.8,60,72,5.17,US,1730177023
276,angarsk,52.5367,103.8864,42.76,65,87,1.63,RU,1730177024
277,garoowe,8.4054,48.4845,78.64,67,87,6.98,SO,1730177025
278,mount pearl,47.5166,-52.7813,36.32,88,20,9.22,CA,1730176871
279,oliver,49.1831,-119.5524,39.11,87,20,0.0,CA,1730176789
280,vila do maio,15.1333,-23.2167,77.54,68,90,12.97,CV,1730177028
281,khovd,48.0056,91.6419,47.43,23,89,13.18,MN,1730177029
282,arteche,12.2645,125.4048,84.94,70,100,14.38,PH,1730177031
283,porto novo,6.4965,2.6036,80.42,90,92,2.64,BJ,1730177033
284,lorengau,-2.0226,147.2712,83.88,73,94,3.96,PG,1730177034
285,lebyazh'ye,55.2689,66.4947,33.13,85,99,3.49,RU,1730177035
286,nishinoomote,30.7333,131.0,73.96,100,75,6.91,JP,1730177036
287,la cocha,-27.7773,-65.5704,71.28,44,0,5.97,AR,1730177037
288,mahibadhoo,3.7833,72.9667,82.4,76,64,14.14,MV,1730176757
289,ishimbay,53.4545,56.0415,36.16,70,100,1.54,RU,1730177042
290,djamaa,33.5339,5.9931,70.61,68,51,13.35,DZ,1730177043
291,guanica,17.9716,-66.908,80.38,71,94,4.32,PR,1730177044
292,aasiaat,68.7098,-52.8699,-1.53,87,38,6.13,GL,1730177047
293,batticaloa,7.7102,81.6924,86.45,66,100,1.59,LK,1730177048
294,changyon,38.2508,125.0961,59.56,81,99,13.11,KP,1730177049
295,slave lake,55.2834,-114.769,31.98,74,100,11.5,CA,1730177050
296,enewetak,11.3474,162.3373,83.8,74,83,11.23,MH,1730177051
297,mazatlan,23.2167,-106.4167,80.91,88,0,0.0,MX,1730177010
298,alaghsas,17.0187,8.0168,73.96,19,1,10.4,NE,1730177054
299,moyuta,14.0386,-90.0808,62.29,83,100,8.84,GT,1730177055
300,vernon,50.2581,-119.2691,44.76,88,88,3.44,CA,1730177056
301,pokhara,28.2333,83.9833,75.34,65,29,4.68,NP,1730176924
302,anadyr,64.75,177.4833,18.1,86,0,8.95,RU,1730177044
303,kapoeta,4.7717,33.5903,74.03,77,49,5.35,SS,1730177060
304,akrehamn,59.2667,5.1833,48.92,68,33,4.23,NO,1730177061
305,boa vista,2.8197,-60.6733,82.38,54,0,5.75,BR,1730177045
306,stanley,54.868,-1.6985,53.28,97,100,5.75,GB,1730177063
307,kenai,60.5544,-151.2583,31.14,98,100,18.41,US,1730176889
308,pontes e lacerda,-15.2261,-59.3353,72.19,95,86,2.93,BR,1730177066
309,kavaratti,10.5669,72.642,81.73,71,53,5.32,IN,1730177067
310,mo i rana,66.3128,14.1428,34.32,93,40,0.0,NO,1730177068
311,cockburn town,21.4612,-71.1419,82.36,76,100,21.3,TC,1730177069
312,antofagasta,-23.65,-70.4,61.88,91,55,1.16,CL,1730177070
313,vadso,70.0744,29.7487,39.36,70,75,31.07,NO,1730177071
314,saldanha,-33.0117,17.9442,57.25,85,2,14.14,ZA,1730177072
315,energetik,51.7445,58.7934,35.42,72,91,2.1,RU,1730177074
316,lamu,-2.2717,40.902,80.42,72,30,8.59,KE,1730177075
317,rikaze,29.25,88.8833,53.6,24,2,1.01,CN,1730176914
318,gordon,34.5004,-84.8666,57.16,93,19,7.74,US,1730177077
319,ostersund,63.1792,14.6357,34.25,69,40,6.91,SE,1730177078
320,barra de santo antonio,-9.4047,-35.5072,77.9,72,89,12.82,BR,1730177079
321,kapa'a,22.0752,-159.319,76.48,90,100,17.16,US,1730177081
322,haiku-pauwela,20.9219,-156.3051,77.02,81,20,28.99,US,1730177082
323,tralee,52.2704,-9.7026,50.56,96,93,3.18,IE,1730177083
324,mukalla,14.5425,49.1242,80.87,72,0,5.26,YE,1730177084
325,bubaque,11.2833,-15.8333,83.03,68,18,6.64,GW,1730177085
326,hailar,49.2,119.7,43.27,46,83,7.49,CN,1730177086
327,pisco,-13.7,-76.2167,62.65,88,0,3.44,PE,1730177087
328,sur,22.5667,59.5289,86.59,56,0,9.91,OM,1730177089
329,ancud,-41.8697,-73.8203,47.68,92,49,4.47,CL,1730177090
330,mayqayyng,51.4625,75.7986,34.92,70,63,18.9,KZ,1730177091
331,cestos city,5.46,-9.5828,76.86,88,99,3.02,LR,1730177092
332,shimoda,34.6667,138.95,60.98,91,100,18.81,JP,1730177093
333,taoudenni,22.6783,-3.9836,73.38,30,36,9.06,ML,1730177094
334,dunedin,-45.8742,170.5036,52.81,74,80,6.8,NZ,1730177095
335,edgewater,28.9889,-80.9023,74.08,85,46,4.36,US,1730176953
336,manokwari,-0.8667,134.0833,84.83,71,75,11.97,ID,1730177098
337,bimbo,4.2567,18.4158,71.53,100,20,3.44,CF,1730177099
338,guerrero negro,27.9769,-114.0611,65.1,88,0,16.22,MX,1730177100
339,buk,52.3553,16.5196,55.11,94,100,8.63,PL,1730177101
340,cidreira,-30.1811,-50.2056,68.47,87,13,13.22,BR,1730177102
341,akjoujt,19.6969,-14.4164,70.93,36,80,11.07,MR,1730177103
342,codrington,-38.2667,141.9667,61.07,66,72,13.44,AU,1730177105
343,tughyl,47.7252,84.2063,46.51,42,100,7.05,KZ,1730177106
344,fortuna,40.5982,-124.1573,49.12,92,0,6.91,US,1730177107
345,kondagaon,19.6,81.6667,85.08,59,53,1.74,IN,1730177108
346,aljezur,37.3191,-8.8033,56.34,75,38,11.72,PT,1730177109
347,abepura,-2.6333,140.5833,88.61,58,20,9.22,ID,1730177110
348,kingston,17.997,-76.7936,83.35,84,20,6.91,JM,1730177073
349,saurimo,-9.6608,20.3916,68.34,83,100,2.44,AO,1730177113
350,rio grande,-32.035,-52.0986,63.86,91,0,7.76,BR,1730177028
351,nilsia,63.2,28.0833,33.66,83,24,9.64,FI,1730177115
352,puerto baquerizo moreno,-0.9,-89.6,67.78,81,91,10.42,EC,1730177116
353,sen monorom,12.45,107.2,70.81,90,94,5.88,KH,1730177118
354,handewitt,54.7645,9.3153,55.89,99,100,10.36,DE,1730177119
355,chernomorskoye,45.5039,32.6997,58.1,80,1,10.33,UA,1730177120
356,olyokminsk,60.3736,120.4264,21.56,79,100,3.27,RU,1730177121
357,luwingu,-10.2621,29.9271,71.08,72,62,1.07,ZM,1730177122
358,hilo,19.7297,-155.09,76.73,90,40,3.44,US,1730177123
359,saint-francois,46.4154,3.9054,48.67,94,100,1.14,FR,1730177124
360,faya-largeau,17.9257,19.1043,69.12,21,1,19.26,TD,1730177126
361,sarkisla,39.3519,36.4098,42.69,49,0,2.59,TR,1730177127
362,guiuan,11.0333,125.7247,84.31,75,100,27.11,PH,1730177128
363,kabare,-2.4683,28.8242,67.1,83,100,1.01,CD,1730177129
364,czarnkow,52.9021,16.5641,55.18,95,100,6.35,PL,1730177130
365,riohacha,11.5444,-72.9072,80.26,85,100,9.42,CO,1730176898
366,saint john,45.2727,-66.0677,29.43,80,0,9.22,CA,1730177125
367,chinde,26.8212,87.7095,79.75,72,22,5.1,NP,1730177134
368,zouerate,22.7187,-12.4521,63.1,63,38,7.02,MR,1730177135
369,himatnagar,23.6,72.95,88.18,39,4,4.41,IN,1730177136
370,kish,26.5578,54.0194,86.27,39,0,11.5,IR,1730177137
371,balakhta,55.38,91.6,44.69,60,100,14.43,RU,1730177138
372,shuangjiang,26.1547,109.7138,70.65,55,100,4.68,CN,1730177139
373,mugia,43.1041,-9.2179,51.91,85,30,20.67,ES,1730177141
374,mejit,10.2753,170.8646,84.06,76,94,13.35,MH,1730177142
375,portland,45.5234,-122.6762,50.34,94,75,1.01,US,1730176564
376,pierre,44.3683,-100.351,57.27,58,20,4.61,US,1730177075
377,altai,46.3722,96.2583,39.31,55,100,13.49,MN,1730177145
378,kirensk,57.7853,108.1119,34.43,90,90,0.87,RU,1730177146
379,zhanibek,49.4167,46.85,45.05,88,100,3.85,KZ,1730177147
380,spring creek,40.7266,-115.5859,31.71,90,93,5.75,US,1730177149
381,broken hill,-31.95,141.4333,79.02,18,0,10.67,AU,1730177150
382,taybad,34.74,60.7756,48.85,54,0,12.19,IR,1730177151
383,malanje,-9.5402,16.341,63.37,97,74,3.85,AO,1730177152
384,visby,57.6409,18.296,46.81,93,100,2.3,SE,1730177153
385,pangoa,-12.1167,-73.0,68.49,99,93,1.34,PE,1730177154
386,ataq,14.5377,46.8319,73.51,54,2,1.48,YE,1730177155
387,fort bragg,35.139,-79.006,51.8,88,0,0.0,US,1730177157
388,san patricio,28.017,-97.5169,78.75,75,0,14.63,US,1730177158
389,klaeng,12.7797,101.6483,88.86,59,23,2.98,TH,1730177159
390,sitka,57.0531,-135.33,44.49,81,75,8.05,US,1730177160
391,ordubad,38.9059,46.0234,50.0,46,0,1.19,AZ,1730177161
392,kumhari,21.2667,81.5167,82.74,60,9,3.31,IN,1730177162
393,mhamid,29.82,-5.72,57.88,33,0,13.78,MA,1730177163
394,lushoto,-4.7833,38.2833,65.95,55,3,0.96,TZ,1730177165
395,kerimaki,61.9167,29.2833,35.55,87,20,10.36,FI,1730177166
396,remire-montjoly,4.9167,-52.2667,73.44,100,0,0.0,GF,1730177167
397,hexham,54.9699,-2.104,54.41,96,100,8.88,GB,1730177168
398,mount gambier,-37.8333,140.7667,64.35,55,11,9.06,AU,1730177172
399,xam nua,20.4197,104.0439,65.98,84,97,3.04,LA,1730177173
400,karratha,-20.7377,116.8463,95.79,36,6,11.86,AU,1730177174
401,key west,24.5557,-81.7826,80.6,74,0,13.8,US,1730176904
402,paraparaumu,-40.9167,175.0167,57.96,96,100,15.19,NZ,1730177176
403,nadi,-17.8,177.4167,82.4,69,75,11.5,FJ,1730177177
404,ruma,45.0081,19.8222,53.53,74,99,1.05,RS,1730177179
405,el alto,-4.2714,-81.2147,64.06,83,93,15.05,PE,1730177180
406,verkhnevilyuysk,63.4453,120.3167,9.01,87,99,4.05,RU,1730177181
407,severomorsk,69.0689,33.4162,35.89,66,22,24.0,RU,1730177182
408,flying fish cove,-10.4217,105.6791,80.28,83,100,11.5,CX,1730177185
409,dingzhou,38.5131,114.9956,69.08,39,0,0.81,CN,1730177186
410,pulandian,39.3953,121.9669,63.57,44,83,11.45,CN,1730177187
411,goiatuba,-18.0125,-49.3547,68.95,92,100,2.35,BR,1730177188
412,embarcacion,-23.209,-64.096,75.22,60,64,3.09,AR,1730177189
413,eastham,41.8301,-69.9739,44.94,50,0,0.0,US,1730177190
414,betio village,1.358,172.9211,86.04,70,3,6.62,KI,1730177191
415,sipalay,9.75,122.5,82.31,80,100,17.34,PH,1730177193
416,gonda city,27.1333,81.9333,85.86,50,5,5.7,IN,1730177194
417,yelizovo,53.1873,158.3805,37.54,44,75,26.84,RU,1730177195
418,sao jose da coroa grande,-8.8978,-35.1478,77.59,75,64,11.03,BR,1730177196
419,kavieng,-2.5744,150.7967,85.1,71,8,7.43,PG,1730177197
420,saint-philippe,-21.3585,55.7679,77.02,72,4,8.25,RE,1730177198
421,sao vicente,-23.9631,-46.3919,68.99,26,100,2.51,BR,1730177055
422,shingu,33.7333,135.9833,67.51,97,100,12.26,JP,1730177201
423,turka,49.1541,23.0297,44.46,76,74,3.47,UA,1730177202
424,la ronge,55.1001,-105.2842,35.85,80,100,10.36,CA,1730177203
425,tierralta,8.1736,-76.0592,76.23,93,100,3.71,CO,1730177204
426,tazacorte,28.629,-17.9293,65.37,63,20,10.36,ES,1730177205
427,nadvoitsy,63.8667,34.3167,37.72,67,100,10.92,RU,1730177206
428,blackwater,-23.5833,148.8833,91.69,22,2,15.95,AU,1730177208
429,chapadinha,-3.7417,-43.3603,74.3,89,39,4.56,BR,1730177209
430,itoman,26.1247,127.6694,79.18,94,75,20.71,JP,1730177210
431,macapa,0.0389,-51.0664,80.58,78,0,8.05,BR,1730176923
432,great bend,38.3645,-98.7648,78.93,35,0,27.63,US,1730177212
433,pointe-noire,-4.7761,11.8635,78.87,83,75,10.36,CG,1730177213
434,lincoln,40.8,-96.667,53.51,82,0,0.0,US,1730177172
435,turkmenbasy,40.0222,52.9552,54.37,62,0,11.5,TM,1730177216
436,valparaiso,-33.0393,-71.6273,56.84,100,100,3.44,CL,1730177102
437,kodinsk,58.6881,99.1844,33.91,92,100,4.61,RU,1730177218
438,pangody,65.85,74.4859,24.17,95,100,5.82,RU,1730177219
439,el calafate,-50.3408,-72.2768,44.58,84,17,7.63,AR,1730177220
440,turbat,26.0023,63.044,86.56,18,0,16.78,PK,1730177221
441,araxa,-19.5933,-46.9406,64.54,97,100,3.42,BR,1730177223
442,seminole,28.7086,-81.2081,71.96,85,20,9.22,US,1730176991
443,oyama,36.3,139.8,61.2,54,100,7.61,JP,1730177215
444,alofi,-19.0595,-169.9187,78.69,73,40,13.8,NU,1730177226
445,mega,4.05,38.3,64.04,74,100,11.12,ET,1730177227
446,nevel'sk,46.6733,141.8633,45.01,60,30,11.97,RU,1730177228
447,kita,13.0349,-9.4895,77.45,58,64,1.28,ML,1730177229
448,chernyshevskiy,63.0128,112.4714,5.61,88,94,1.92,RU,1730177231
449,mweka,-4.85,21.5667,69.22,96,39,0.85,CD,1730177232
450,kone,-21.0595,164.8658,78.24,66,95,9.24,NC,1730177233
451,asosa,10.0667,34.5333,65.28,83,95,1.59,ET,1730177234
452,cangzhou,38.3167,116.8667,68.79,43,2,9.53,CN,1730177092
453,svoge,42.9667,23.35,53.85,82,17,2.86,BG,1730177236
454,liberty,31.8335,-81.5004,59.0,48,0,0.0,US,1730177237
455,yekaterinburg,56.8575,60.6125,33.39,93,75,6.71,RU,1730177011
456,bikin,46.8161,134.26,45.25,58,98,4.56,RU,1730177240
457,kalianget,-7.05,113.9333,89.87,53,15,9.71,ID,1730177241
458,stony plain,53.5334,-114.0021,33.71,91,100,3.44,CA,1730177243
459,porto-vecchio,41.591,9.2795,62.26,88,0,9.22,FR,1730177244
460,nova sintra,14.8667,-24.7167,77.74,70,49,17.47,CV,1730177245
461,sabha,27.0377,14.4283,64.9,34,41,9.28,LY,1730177246
462,zaozersk,69.4005,32.4476,34.36,70,36,29.71,RU,1730177247
463,cassia,-20.5831,-46.9219,67.68,98,100,2.35,BR,1730177249
464,kaa-khem,51.6833,94.7333,41.79,74,100,7.02,RU,1730177250
465,isanlu-itedoijowa,8.2667,5.8333,72.93,88,56,2.33,NG,1730177251
466,thunder bay,48.4001,-89.3168,60.71,63,100,5.75,CA,1730177157
467,northam,51.0333,-4.2167,54.61,98,93,3.96,GB,1730177253
468,san matias,-16.3667,-58.4,73.96,87,92,4.54,BO,1730177256
469,kapit,2.0167,112.9333,96.46,41,84,2.3,MY,1730177257
470,levelland,33.5873,-102.378,67.89,34,0,22.55,US,1730177258
471,pico truncado,-46.7949,-67.9573,53.58,52,5,18.43,AR,1730177095
472,kandiari,26.9156,68.5216,94.35,18,0,3.0,PK,1730177261
473,palmas,-10.2128,-48.3603,76.87,88,20,5.75,BR,1730177114
474,alice springs,-23.7,133.8833,94.55,8,73,11.5,AU,1730177265
475,puducherry,11.9333,79.8167,86.86,61,63,3.65,IN,1730177266
476,ebon,4.582,168.6964,82.65,73,60,6.22,MH,1730177267
477,huicungo,-7.2833,-76.8,70.57,99,100,0.87,PE,1730177268
478,paso de los toros,-32.8167,-56.5167,59.02,89,0,6.58,UY,1730177097
479,callao,-12.0667,-77.15,62.89,82,75,11.5,PE,1730177271
480,selfoss,63.9331,-20.9971,41.04,93,100,10.29,IS,1730177272
481,puerto cortez,15.8333,-87.95,77.52,84,82,1.45,HN,1730177273
482,prince rupert,54.3161,-130.3201,46.09,81,90,6.91,CA,1730177274
483,richfield,44.8833,-93.283,66.45,69,100,16.11,US,1730177275
484,constantia,44.1833,28.65,48.88,86,24,10.78,RO,1730177137
485,tutoia,-2.7619,-42.2744,79.23,81,40,14.32,BR,1730177277
486,san pedro,14.35,121.0167,87.26,75,40,11.5,PH,1730177279
487,stepnoye,51.4,46.8667,39.27,82,18,4.45,RU,1730177280
488,fairfield glade,36.0004,-84.8863,56.53,95,0,5.75,US,1730177281
489,monywa,22.1167,95.1333,86.88,67,0,2.28,MM,1730177282
490,soe,-9.8607,124.284,89.67,35,45,12.33,ID,1730177283
491,xining,36.6167,101.7667,48.88,50,100,5.95,CN,1730177286
492,ust'-talovka,50.5493,81.85,39.38,59,100,17.25,KZ,1730177287
493,bikenibeu village,1.3673,173.1241,85.96,100,20,1.14,KI,1730177289
494,bamboo flat,11.7,92.7167,85.62,65,36,5.37,IN,1730177290
495,turan,16.0678,108.2208,75.18,94,75,1.14,VN,1730177291
496,cambridge,43.3601,-80.3127,45.52,93,0,8.05,CA,1730177025
497,margate,51.3813,1.3862,56.88,91,85,8.3,GB,1730176645
498,kiama,-34.6833,150.8667,71.26,66,6,10.07,AU,1730177295
499,contamana,-7.3333,-75.0167,71.26,99,100,0.76,PE,1730177296
500,illizi,26.4833,8.4667,77.11,21,50,8.88,DZ,1730177297
501,bandon,51.7469,-8.7425,51.39,92,100,3.2,IE,1730177298
502,padang,-0.9492,100.3543,87.85,64,54,8.05,ID,1730177150
503,trairi,-3.2778,-39.2689,78.4,77,17,13.8,BR,1730177230
504,uturoa,-16.7333,-151.4333,77.76,74,44,21.18,PF,1730177303
505,peniche,39.3558,-9.3811,60.21,84,0,16.87,PT,1730177304
506,st. john's,47.5649,-52.7093,37.15,85,20,9.22,CA,1730177305
507,tucuma,-0.1833,-50.05,78.28,78,49,7.56,BR,1730177306
508,pak phanang,8.3511,100.202,88.86,60,100,0.98,TH,1730177308
509,dzuunmod,48.2199,97.3744,38.46,46,100,11.41,MN,1730177309
510,hirara,24.8,125.2833,78.66,94,75,26.46,JP,1730177310
511,saint-denis,48.9167,2.3333,53.19,99,100,6.91,FR,1730177311
512,eyl,7.9803,49.8164,82.0,70,82,8.57,SO,1730177312
513,island harbour,50.724,-1.2758,58.01,76,93,1.01,GB,1730177313
514,gunnedah,-30.9833,150.25,86.94,16,0,4.43,AU,1730177314
515,smithers,54.7804,-127.1743,32.32,100,75,0.0,CA,1730177316
516,nahiyat ghammas,31.7431,44.6196,68.7,19,0,7.09,IQ,1730177317
517,petawawa,45.9001,-77.3328,35.78,43,98,3.0,CA,1730177094
518,takaungu,-3.6837,39.8566,80.6,73,23,5.59,KE,1730177319
519,rakvere,59.3464,26.3558,38.3,83,7,7.29,EE,1730177320
520,staryye ozinki,51.1786,49.6769,39.13,91,89,6.26,RU,1730177321
521,tofol,5.3248,163.0078,84.29,72,24,7.87,FM,1730177323
522,gadzhiyevo,69.2551,33.3362,35.65,68,22,27.76,RU,1730177324
523,brookings,44.3114,-96.7984,56.12,74,0,4.61,US,1730177325
524,laascaanood,8.4774,47.3597,76.1,70,95,8.05,SO,1730177326
525,filadelfia,39.9523,-75.1638,49.96,62,75,4.61,US,1730177263
526,escarcega,18.6089,-90.7454,71.44,95,80,2.3,MX,1730177328
527,forres,57.6113,-3.6108,48.81,99,20,4.61,GB,1730177329
528,tengrela,10.4869,-6.4097,72.55,71,100,3.13,CI,1730177331
529,ketchikan,55.3422,-131.6461,43.77,81,100,4.61,US,1730177332
530,mabaruma,8.2,-59.7833,73.18,97,100,0.74,GY,1730177333
531,kokopo,-4.352,152.2633,84.67,70,29,0.92,PG,1730177334
532,sitia,35.2,26.0986,66.9,60,0,18.63,GR,1730177335
533,yanchep,-31.55,115.6833,81.21,40,0,15.55,AU,1730177336
534,eastlake,41.6539,-81.4504,57.07,53,0,8.99,US,1730177338
535,capim grosso,-11.3811,-40.0128,70.66,79,4,5.39,BR,1730177339
536,cheria,35.2731,7.7519,56.1,79,29,3.83,DZ,1730177340
537,iquique,-20.2208,-70.1431,63.57,71,1,3.87,CL,1730177271
538,alto araguaia,-17.3147,-53.2153,69.01,91,68,3.74,BR,1730177342
539,ciudad insurgentes,25.2625,-111.7753,69.73,74,0,7.76,MX,1730177343
540,howard springs,-12.497,131.047,97.99,57,44,8.14,AU,1730177344
541,berberati,4.2612,15.7922,68.65,95,77,1.61,CF,1730177346
542,qarauyl,48.9451,79.255,39.15,56,99,17.02,KZ,1730177347
543,quellon,-43.1167,-73.6167,47.46,95,50,5.88,CL,1730177253
544,tchintabaraden,15.8969,5.7985,76.5,16,43,8.57,NE,1730177349
545,cabo san lucas,22.8909,-109.9124,78.37,62,1,11.61,MX,1730177350
546,sinabang,2.4803,96.3801,86.99,64,89,2.19,ID,1730177351
547,ma'rib,15.4591,45.3253,74.34,38,6,3.42,YE,1730177353
548,kangding,30.0513,101.9603,63.84,54,48,3.51,CN,1730177354
549,raymondville,26.4815,-97.7831,76.84,78,0,12.46,US,1730177355
550,hassi messaoud,31.6804,6.0729,69.66,40,40,5.75,DZ,1730177356
551,auki,-8.7676,160.7034,82.51,81,67,4.07,SB,1730177357
552,saki,8.6667,3.3833,70.9,75,82,1.61,NG,1730177358
553,irtyshsk,53.3333,75.4572,34.99,74,97,18.7,KZ,1730177361
554,ghadamis,30.1337,9.5007,73.15,25,0,9.55,LY,1730177362
555,yaren,-0.5472,166.916,83.55,71,3,8.23,NR,1730177363
556,dolores,-36.3132,-57.6792,61.65,69,2,9.24,AR,1730177364
557,ongole,15.5,80.05,88.02,57,49,0.27,IN,1730177365
558,sao gabriel da cachoeira,-0.1303,-67.0892,72.28,98,49,2.1,BR,1730177367
559,lima,-12.0432,-77.0282,61.05,89,75,11.5,PE,1730177368
560,parauapebas,-6.0675,-49.9022,77.18,50,61,1.57,BR,1730177369
561,lauro de freitas,-12.8944,-38.3272,78.82,78,40,8.05,BR,1730177349
562,jagdalpur,19.0667,82.0333,83.52,63,19,1.36,IN,1730177371
563,kharan,28.5833,65.4167,69.22,34,0,3.8,PK,1730177372
564,hammerfest,70.6634,23.6821,37.85,70,75,32.21,NO,1730177374
565,bani walid,31.7566,13.9942,64.22,58,2,5.12,LY,1730177375
566,kailua-kona,19.6406,-155.9956,78.55,95,91,5.21,US,1730177376
567,olinda,-8.0089,-34.8553,80.33,74,40,11.5,BR,1730177082
568,iwanai,42.9744,140.5089,52.63,60,65,8.3,JP,1730177378
569,nelspruit,-25.4745,30.9703,68.29,82,40,9.22,ZA,1730177379
570,port macquarie,-31.4333,152.9167,69.08,71,91,3.0,AU,1730177381
571,birao,10.2849,22.7882,70.02,37,7,3.65,CF,1730177382
572,actopan,20.2667,-98.9333,58.15,81,85,4.03,MX,1730177383
573,mersing,2.4312,103.8405,91.31,66,40,8.05,MY,1730177121
574,vila franca do campo,37.7167,-25.4333,64.89,99,82,6.58,PT,1730177385
575,palikir - national government center,6.9248,158.1611,90.34,70,75,11.5,FM,1730177386
576,kudahuvadhoo,2.6708,72.8944,82.54,72,93,14.43,MV,1730177387
577,amahai,-3.3333,128.9167,83.95,72,88,7.0,ID,1730177389
578,abalak,58.1286,68.5944,31.95,80,99,5.14,RU,1730177390
579,geraldton,-28.7667,114.6,86.41,35,0,14.97,AU,1730177391
580,adrar,20.5022,-10.0711,69.49,38,94,9.19,MR,1730177392
581,arkhangel'sk,64.5401,40.5433,35.71,100,75,6.71,RU,1730177393
582,yamrat,10.1116,9.826,69.13,38,50,3.29,NG,1730177394
583,yemetsk,63.4721,41.7941,35.8,97,100,4.0,RU,1730177395
584,monrovia,6.3005,-10.7969,77.34,86,97,4.47,LR,1730177397
585,al hazm,16.1641,44.7769,73.94,39,1,4.36,YE,1730177398
586,sinan,34.8262,126.1086,60.58,74,100,7.99,KR,1730177399
587,huesca,42.1362,-0.4087,55.06,91,0,2.3,ES,1730177400
588,bathsheba,13.2167,-59.5167,79.41,94,20,3.44,BB,1730177401
589,saint-joseph,-21.3667,55.6167,79.18,68,4,8.5,RE,1730177402
590,san andres,12.5847,-81.7006,82.42,89,40,6.91,CO,1730177372
591,bonanza,14.0289,-84.591,69.73,100,100,2.35,NI,1730177405
592,fort mcmurray,56.7268,-111.381,31.59,74,100,11.5,CA,1730177406
593,princeville,45.7668,-61.2985,36.25,93,100,8.05,CA,1730177407
594,charters towers,-20.1,146.2667,95.0,22,10,11.48,AU,1730177408
